Changes made at Sat Aug  9 05:58:18 UTC 2025
Changes made at Thu Nov 20 14:07:22 UTC 2025
Changes made at Thu Nov 20 14:12:28 UTC 2025
Changes made at Thu Nov 20 16:15:48 UTC 2025
Changes made at Fri Nov 21 08:17:47 UTC 2025
Changes made at Fri Nov 21 10:13:05 UTC 2025
Changes made at Fri Nov 21 14:12:11 UTC 2025
Changes made at Fri Nov 21 16:15:12 UTC 2025
Changes made at Sat Nov 22 08:15:11 UTC 2025
Changes made at Sat Nov 22 10:11:57 UTC 2025
Changes made at Sat Nov 22 14:10:14 UTC 2025
Changes made at Sat Nov 22 16:13:33 UTC 2025
Changes made at Sun Nov 23 08:15:05 UTC 2025
Changes made at Sun Nov 23 10:11:40 UTC 2025
Changes made at Sun Nov 23 14:10:21 UTC 2025
Changes made at Sun Nov 23 16:13:25 UTC 2025
Changes made at Mon Nov 24 08:18:38 UTC 2025
